Year,Country,Index_Value,Base
1825,France,19.7,1913=100
1825,United Kingdom,13,1913=100
1801,United Kingdom,6.6,1913=100
1826,France,20.8,1913=100
1826,United Kingdom,13,1913=100
1802,United Kingdom,6.9,1913=100
1827,France,21.3,1913=100
1827,United Kingdom,13,1913=100
1803,United Kingdom,7.1,1913=100
1828,France,20.9,1913=100
1828,United Kingdom,14,1913=100
1804,United Kingdom,7.3,1913=100
1829,France,21.1,1913=100
1829,United Kingdom,14,1913=100
1805,United Kingdom,7.4,1913=100
1830,France,21,1913=100
1830,United Kingdom,15,1913=100
1806,United Kingdom,7.6,1913=100
1831,France,20.4,1913=100
1831,Spain,8.4,1913=100
1831,United Kingdom,15,1913=100
1807,United Kingdom,7.8,1913=100
1832,France,21.5,1913=100
1832,United Kingdom,16,1913=100
1808,United Kingdom,7.9,1913=100
1833,France,22.9,1913=100
1833,United Kingdom,16,1913=100
1809,United Kingdom,8.1,1913=100
1834,France,23.1,1913=100
1834,United Kingdom,17,1913=100
1810,United Kingdom,8.2,1913=100
1835,France,23,1913=100
1835,Spain,10.3,1913=100
1835,United Kingdom,17,1913=100
1811,United Kingdom,8.4,1913=100
1836,France,23.2,1913=100
1836,United Kingdom,18,1913=100
1812,United Kingdom,8.5,1913=100
1837,France,22.8,1913=100
1837,United Kingdom,19,1913=100
1813,United Kingdom,8.6,1913=100
1838,France,24.2,1913=100
1838,United Kingdom,19,1913=100
1814,United Kingdom,8.8,1913=100
1839,France,22.9,1913=100
1839,United Kingdom,20,1913=100
1815,France,19.2,1913=100
1815,United Kingdom,9,1913=100
1840,France,24.3,1913=100
1840,United Kingdom,20,1913=100
1816,France,19.5,1913=100
1816,United Kingdom,9.2,1913=100
1841,France,25.6,1913=100
1841,United Kingdom,21,1913=100
1817,France,19.9,1913=100
1817,United Kingdom,9.5,1913=100
1842,France,26.7,1913=100
1842,Spain,11.9,1913=100
1842,United Kingdom,22,1913=100
1818,France,21.3,1913=100
1818,United Kingdom,9.8,1913=100
1843,France,28.3,1913=100
1843,Spain,12.8,1913=100
1843,United Kingdom,22,1913=100
1819,France,19.5,1913=100
1819,United Kingdom,10,1913=100
1844,France,28.4,1913=100
1844,Spain,15.3,1913=100
1844,United Kingdom,23,1913=100
1820,France,20.7,1913=100
1820,United Kingdom,10,1913=100
1845,France,29.7,1913=100
1845,Spain,16.5,1913=100
1845,United Kingdom,24,1913=100
1821,France,21.9,1913=100
1821,United Kingdom,11,1913=100
1846,France,30.6,1913=100
1846,Spain,16.8,1913=100
1846,United Kingdom,24,1913=100
1822,France,21.4,1913=100
1822,United Kingdom,11,1913=100
1847,France,29.7,1913=100
1847,Spain,15.5,1913=100
1847,United Kingdom,25,1913=100
1823,France,20.2,1913=100
1823,United Kingdom,12,1913=100
1848,France,26.7,1913=100
1848,Spain,16.6,1913=100
1848,United Kingdom,26,1913=100
1824,France,21.8,1913=100
1824,United Kingdom,12,1913=100
1849,France,32.2,1913=100
1849,Spain,19,1913=100
1849,United Kingdom,27,1913=100
1850,France,33.5,1913=100
1850,Germany,9.5,1913=100
1850,Spain,20.7,1913=100
1850,United Kingdom,28,1913=100
1851,France,31.1,1913=100
1851,Germany,9.8,1913=100
1851,Spain,23.1,1913=100
1851,United Kingdom,29,1913=100
1852,France,34.8,1913=100
1852,Germany,10,1913=100
1852,Spain,23.7,1913=100
1852,United Kingdom,30,1913=100
1853,France,36.5,1913=100
1853,Germany,9.9,1913=100
1853,Spain,23.6,1913=100
1853,United Kingdom,31,1913=100
1854,France,34.2,1913=100
1854,Germany,9.7,1913=100
1854,Spain,23.3,1913=100
1854,United Kingdom,32,1913=100
1855,France,37.3,1913=100
1855,Germany,10,1913=100
1855,Spain,24.8,1913=100
1855,United Kingdom,33,1913=100
1856,France,38.1,1913=100
1856,Germany,11,1913=100
1856,Spain,26.9,1913=100
1856,United Kingdom,28.1,1913=100
1857,France,35.3,1913=100
1857,Germany,12,1913=100
1857,Spain,27.8,1913=100
1857,United Kingdom,29.1,1913=100
1858,France,38.2,1913=100
1858,Germany,12,1913=100
1858,Spain,28.6,1913=100
1858,United Kingdom,28.5,1913=100
1859,France,36.6,1913=100
1859,Germany,12,1913=100
1859,Spain,29.7,1913=100
1859,United Kingdom,30,1913=100
1860,France,39.1,1913=100
1860,Germany,13,1913=100
1860,Russia,8.8,1913=100
1860,Spain,31.2,1913=100
1860,United Kingdom,31.7,1913=100
1861,France,38.7,1913=100
1861,Germany,13,1913=100
1861,Italy,32,1913=100
1861,Russia,8.5,1913=100
1861,Spain,32.4,1913=100
1861,Sweden,15,1913=100
1861,United Kingdom,31.7,1913=100
1862,France,37,1913=100
1862,Germany,13,1913=100
1862,Italy,32,1913=100
1862,Russia,6.8,1913=100
1862,Spain,31,1913=100
1862,Sweden,16,1913=100
1862,United Kingdom,32.4,1913=100
1863,France,37.8,1913=100
1863,Germany,15,1913=100
1863,Italy,32,1913=100
1863,Russia,7.3,1913=100
1863,Spain,32,1913=100
1863,Sweden,17,1913=100
1863,United Kingdom,32.5,1913=100
1864,France,41.2,1913=100
1864,Germany,15,1913=100
1864,Italy,32,1913=100
1864,Russia,7.6,1913=100
1864,Spain,32.1,1913=100
1864,Sweden,17,1913=100
1864,United Kingdom,35,1913=100
1865,France,39.9,1913=100
1865,Germany,16,1913=100
1865,Italy,33,1913=100
1865,Russia,7.5,1913=100
1865,Spain,33.2,1913=100
1865,Sweden,19,1913=100
1865,United Kingdom,37.3,1913=100
1866,France,40.4,1913=100
1866,Germany,17,1913=100
1866,Italy,35,1913=100
1866,Russia,9.8,1913=100
1866,Spain,32.6,1913=100
1866,Sweden,18,1913=100
1866,United Kingdom,38.7,1913=100
1867,France,40.2,1913=100
1867,Germany,17,1913=100
1867,Italy,37,1913=100
1867,Russia,10,1913=100
1867,Spain,35,1913=100
1867,Sweden,18,1913=100
1867,United Kingdom,36.4,1913=100
1868,France,43.8,1913=100
1868,Germany,18,1913=100
1868,Italy,37,1913=100
1868,Russia,9.7,1913=100
1868,Spain,31.6,1913=100
1868,Sweden,20,1913=100
1868,United Kingdom,36.4,1913=100
1869,France,44.4,1913=100
1869,Germany,19,1913=100
1869,Italy,40,1913=100
1869,Russia,11,1913=100
1869,Spain,32.8,1913=100
1869,Sweden,24,1913=100
1869,United Kingdom,35.8,1913=100
1870,France,40,1913=100
1870,Italy,40,1913=100
1870,Russia,11,1913=100
1870,Spain,35,1913=100
1870,Sweden,25,1913=100
1870,United Kingdom,40.2,1913=100
1871,France,41.3,1913=100
1871,Germany,21,1913=100
1871,Italy,39,1913=100
1871,Russia,12,1913=100
1871,Spain,38.8,1913=100
1871,Sweden,19,1913=100
1871,United Kingdom,43.5,1913=100
1872,France,45.8,1913=100
1872,Germany,24,1913=100
1872,Italy,40,1913=100
1872,Russia,12,1913=100
1872,Spain,41.5,1913=100
1872,Sweden,20,1913=100
1872,United Kingdom,44.8,1913=100
1873,France,43.8,1913=100
1873,Germany,26,1913=100
1873,Italy,44,1913=100
1873,Russia,12,1913=100
1873,Spain,46.8,1913=100
1873,Sweden,20,1913=100
1873,United Kingdom,45.3,1913=100
1874,France,46.5,1913=100
1874,Germany,27,1913=100
1874,Italy,46,1913=100
1874,Russia,13,1913=100
1874,Spain,44,1913=100
1874,Sweden,23,1913=100
1874,United Kingdom,46.4,1913=100
1875,France,47.1,1913=100
1875,Germany,27,1913=100
1875,Italy,46,1913=100
1875,Russia,14,1913=100
1875,Spain,45.9,1913=100
1875,Sweden,24,1913=100
1875,United Kingdom,46.7,1913=100
1876,France,47.7,1913=100
1876,Germany,28,1913=100
1876,Italy,46,1913=100
1876,Russia,14,1913=100
1876,Spain,47.2,1913=100
1876,Sweden,25,1913=100
1876,United Kingdom,47.5,1913=100
1877,France,46.5,1913=100
1877,Germany,27,1913=100
1877,Italy,46,1913=100
1877,Russia,14,1913=100
1877,Spain,49.7,1913=100
1877,Sweden,25,1913=100
1877,United Kingdom,47.4,1913=100
1878,France,47.4,1913=100
1878,Germany,28,1913=100
1878,Italy,44,1913=100
1878,Russia,18,1913=100
1878,Spain,48.6,1913=100
1878,Sweden,24,1913=100
1878,United Kingdom,47.3,1913=100
1879,France,46,1913=100
1879,Germany,27,1913=100
1879,Italy,44,1913=100
1879,Russia,18,1913=100
1879,Spain,47.6,1913=100
1879,Sweden,25,1913=100
1879,United Kingdom,45.6,1913=100
1880,Austria,28.6,1913=100
1880,France,49.4,1913=100
1880,Germany,26,1913=100
1880,Italy,42,1913=100
1880,Russia,18,1913=100
1880,Spain,49.1,1913=100
1880,Sweden,25,1913=100
1880,United Kingdom,50.3,1913=100
1881,Austria,31.8,1913=100
1881,France,54.1,1913=100
1881,Germany,27,1913=100
1881,Italy,47,1913=100
1881,Russia,22,1913=100
1881,Spain,53.8,1913=100
1881,Sweden,29,1913=100
1881,United Kingdom,53.5,1913=100
1882,Austria,33.1,1913=100
1882,France,55.3,1913=100
1882,Germany,27,1913=100
1882,Italy,47,1913=100
1882,Russia,21,1913=100
1882,Spain,55.2,1913=100
1882,Sweden,30,1913=100
1882,United Kingdom,55.7,1913=100
1883,Austria,37,1913=100
1883,France,54.5,1913=100
1883,Germany,29,1913=100
1883,Italy,47,1913=100
1883,Russia,23,1913=100
1883,Spain,59.3,1913=100
1883,Sweden,29,1913=100
1883,United Kingdom,56.5,1913=100
1884,Austria,38.3,1913=100
1884,France,52.5,1913=100
1884,Germany,30,1913=100
1884,Italy,49,1913=100
1884,Russia,22,1913=100
1884,Spain,59,1913=100
1884,Sweden,32,1913=100
1884,United Kingdom,54.4,1913=100
1885,Austria,36.4,1913=100
1885,France,52,1913=100
1885,Germany,31,1913=100
1885,Italy,51,1913=100
1885,Russia,24,1913=100
1885,Spain,60.1,1913=100
1885,Sweden,34,1913=100
1885,United Kingdom,52.1,1913=100
1886,Austria,39,1913=100
1886,France,52.9,1913=100
1886,Germany,31,1913=100
1886,Italy,49,1913=100
1886,Russia,25,1913=100
1886,Spain,55.5,1913=100
1886,Sweden,32,1913=100
1886,United Kingdom,51,1913=100
1887,Austria,40.3,1913=100
1887,France,53.7,1913=100
1887,Germany,33,1913=100
1887,Italy,53,1913=100
1887,Russia,28,1913=100
1887,Spain,53.8,1913=100
1887,Sweden,34,1913=100
1887,United Kingdom,55.1,1913=100
1888,Austria,39.6,1913=100
1888,France,55.6,1913=100
1888,Germany,35,1913=100
1888,Italy,51,1913=100
1888,Russia,26,1913=100
1888,Spain,56.3,1913=100
1888,Sweden,36,1913=100
1888,United Kingdom,58.3,1913=100
1889,Austria,42.9,1913=100
1889,France,58.4,1913=100
1889,Germany,39,1913=100
1889,Italy,51,1913=100
1889,Russia,29,1913=100
1889,Spain,60.4,1913=100
1889,Sweden,37,1913=100
1889,United Kingdom,62.4,1913=100
1890,Austria,46.8,1913=100
1890,France,57.3,1913=100
1890,Germany,40,1913=100
1890,Italy,51,1913=100
1890,Russia,32,1913=100
1890,Spain,62.5,1913=100
1890,Sweden,40,1913=100
1890,United Kingdom,63.3,1913=100
1891,Austria,50,1913=100
1891,France,60.3,1913=100
1891,Germany,41,1913=100
1891,Italy,47,1913=100
1891,Russia,34,1913=100
1891,Spain,62.5,1913=100
1891,Sweden,43,1913=100
1891,United Kingdom,64.1,1913=100
1892,Austria,50.6,1913=100
1892,France,63.6,1913=100
1892,Germany,42,1913=100
1892,Italy,47,1913=100
1892,Russia,35,1913=100
1892,Spain,65.8,1913=100
1892,Sweden,45,1913=100
1892,United Kingdom,61,1913=100
1893,Austria,51.9,1913=100
1893,France,61.5,1913=100
1893,Germany,43,1913=100
1893,Italy,47,1913=100
1893,Russia,40,1913=100
1893,Spain,71.8,1913=100
1893,Sweden,48,1913=100
1893,United Kingdom,60,1913=100
1894,Austria,55.8,1913=100
1894,France,62.7,1913=100
1894,Germany,45,1913=100
1894,Italy,51,1913=100
1894,Russia,40,1913=100
1894,Spain,69.1,1913=100
1894,Sweden,52,1913=100
1894,United Kingdom,63.5,1913=100
1895,Austria,57.8,1913=100
1895,France,59.5,1913=100
1895,Germany,49,1913=100
1895,Italy,53,1913=100
1895,Russia,44,1913=100
1895,Spain,68.8,1913=100
1895,Sweden,51,1913=100
1895,United Kingdom,66.5,1913=100
1896,Austria,58.4,1913=100
1896,France,64.4,1913=100
1896,Germany,50,1913=100
1896,Italy,51,1913=100
1896,Russia,46,1913=100
1896,Spain,70.6,1913=100
1896,Sweden,57,1913=100
1896,United Kingdom,71.4,1913=100
1897,Austria,59.1,1913=100
1897,France,66.7,1913=100
1897,Germany,53,1913=100
1897,Italy,53,1913=100
1897,Russia,49,1913=100
1897,Spain,66.8,1913=100
1897,Sweden,58,1913=100
1897,United Kingdom,73.4,1913=100
1898,Austria,63.6,1913=100
1898,France,68.6,1913=100
1898,Germany,56,1913=100
1898,Italy,53,1913=100
1898,Russia,54,1913=100
1898,Spain,73.9,1913=100
1898,Sweden,62,1913=100
1898,United Kingdom,77,1913=100
1899,Austria,64.3,1913=100
1899,France,71.3,1913=100
1899,Germany,58,1913=100
1899,Italy,56,1913=100
1899,Russia,60,1913=100
1899,Spain,78.5,1913=100
1899,Sweden,66,1913=100
1899,United Kingdom,80.1,1913=100
1900,Austria,64.9,1937=100
1900,Finland,14,1937=100
1900,France,67.9,1937=100
1900,Germany,61,1937=100
1901,Austria,68.2,1937=100
1901,Belgium,52,1937=100
1901,Finland,14,1937=100
1901,France,67.7,1937=100
1901,Germany,59,1937=100
1902,Austria,68.2,1937=100
1902,Belgium,60,1937=100
1902,Finland,13,1937=100
1902,France,66.3,1937=100
1902,Germany,60,1937=100
1903,Austria,68.8,1937=100
1903,Belgium,62,1937=100
1903,Finland,15,1937=100
1903,France,70.8,1937=100
1903,Germany,65,1937=100
1904,Austria,69.4,1937=100
1904,Belgium,63,1937=100
1904,Finland,15,1937=100
1904,France,66.9,1937=100
1904,Germany,68,1937=100
1905,Austria,73.3,1937=100
1905,Belgium,64,1937=100
1905,Finland,16,1937=100
1905,France,74.6,1937=100
1905,Germany,70,1937=100
1906,Austria,76.6,1937=100
1906,Belgium,67,1937=100
1906,Finland,18,1937=100
1906,France,76.1,1937=100
1906,Germany,73,1937=100
1907,Austria,87.7,1937=100
1907,Belgium,69,1937=100
1907,Finland,19,1937=100
1907,France,79.3,1937=100
1907,Germany,79,1937=100
1908,Austria,85.7,1937=100
1908,Belgium,66,1937=100
1908,Finland,19,1937=100
1908,France,77.8,1937=100
1908,Germany,78,1937=100
1909,Austria,83.8,1937=100
1909,Belgium,72,1937=100
1909,Finland,19,1937=100
1909,France,83.1,1937=100
1909,Germany,81,1937=100
1910,Austria,84.4,1937=100
1910,Belgium,75,1937=100
1910,Finland,21,1937=100
1910,France,81.1,1937=100
1910,Germany,86,1937=100
1911,Austria,89,1937=100
1911,Belgium,79,1937=100
1911,Finland,24,1937=100
1911,France,88.8,1937=100
1911,Germany,91,1937=100
1912,Austria,97.4,1937=100
1912,Belgium,84,1937=100
1912,Finland,26,1937=100
1912,France,102.3,1937=100
1912,Germany,97,1937=100
1913,Austria,100,1937=100
1913,Belgium,83,1937=100
1913,Finland,29,1937=100
1913,France,100,1937=100
1914,Finland,23,1937=100
1914,Germany,69,1937=100
1915,Finland,28,1937=100
1915,Germany,56,1937=100
1916,Finland,30,1937=100
1916,Germany,54,1937=100
1917,Finland,22,1937=100
1917,Germany,52,1937=100
1918,Finland,13,1937=100
1918,Germany,48,1937=100
1919,Finland,20,1937=100
1919,France,567,1937=100
1919,Germany,32,1937=100
1920,Belgium,61,1937=100
1920,Finland,26,1937=100
1920,France,61,1937=100
1920,Germany,46,1937=100
1921,Belgium,54,1937=100
1921,Czech,62,1937=100
1921,Finland,26,1937=100
1921,France,54,1937=100
1921,Germany,56,1937=100
1922,Belgium,67,1937=100
1922,Czech,57,1937=100
1922,Finland,32,1937=100
1922,France,77,1937=100
1922,Germany,60,1937=100
1923,Austria,62,1937=100
1923,Belgium,79,1937=100
1923,Czech,60,1937=100
1923,Finland,37,1937=100
1923,France,87,1937=100
1923,Germany,39,1937=100
1924,Austria,64,1937=100
1924,Belgium,87,1937=100
1924,Czech,79,1937=100
1924,Finland,39,1937=100
1924,France,108,1937=100
1924,Germany,59,1937=100
1925,Austria,74,1937=100
1925,Belgium,82,1937=100
1925,Czech,82,1937=100
1925,Finland,42,1937=100
1925,France,107,1937=100
1925,Germany,69,1937=100
1925,Greece,57,1937=100
1926,Austria,74,1937=100
1926,Belgium,96,1937=100
1926,Czech,80,1937=100
1926,Finland,46,1937=100
1926,France,125,1937=100
1926,Germany,67,1937=100
1926,Greece,55,1937=100
1926,Ireland,63,1937=100
1927,Austria,84,1937=100
1927,Belgium,106,1937=100
1927,Czech,92,1937=100
1927,Denmark,63,1937=100
1927,Finland,51,1937=100
1927,France,109,1937=100
1927,Germany,84,1937=100
1927,Greece,61,1937=100
1927,Hungary,74,1937=100
1928,Austria,92,1937=100
1928,Belgium,115,1937=100
1928,Czech,99,1937=100
1928,Denmark,68,1937=100
1928,Finland,57,1937=100
1928,Germany,85,1937=100
1928,Greece,65,1937=100
1928,Hungary,75,1937=100
1929,Austria,94,1937=100
1929,Belgium,115,1937=100
1929,Czech,104,1937=100
1929,Denmark,74,1937=100
1929,Finland,61,1937=100
1929,France,123,1937=100
1929,Germany,85,1937=100
1929,Greece,66,1937=100
1929,Hungary,77,1937=100
1929,Ireland,69,1937=100
1930,Austria,80,1937=100
1930,Belgium,97,1937=100
1930,Czech,93,1937=100
1930,Denmark,79,1937=100
1930,Finland,56,1937=100
1930,France,123,1937=100
1930,Germany,74,1937=100
1930,Greece,68,1937=100
1930,Hungary,73,1937=100
1931,Austria,66,1937=100
1931,Belgium,88,1937=100
1931,Czech,84,1937=100
1931,Denmark,74,1937=100
1931,Finland,51,1937=100
1931,France,105,1937=100
1931,Germany,60,1937=100
1931,Greece,71,1937=100
1931,Hungary,67,1937=100
1931,Ireland,70,1937=100
1932,Austria,58,1937=100
1932,Belgium,73,1937=100
1932,Czech,66,1937=100
1932,Denmark,67,1937=100
1932,Finland,53,1937=100
1932,France,91,1937=100
1932,Germany,50,1937=100
1932,Greece,67,1937=100
1932,Hungary,63,1937=100
1933,Austria,59,1937=100
1933,Belgium,76,1937=100
1933,Czech,63,1937=100
1933,Denmark,77,1937=100
1933,Finland,58,1937=100
1933,France,99,1937=100
1933,Germany,56,1937=100
1933,Greece,73,1937=100
1933,Hungary,68,1937=100
1934,Austria,66,1937=100
1934,Belgium,76,1937=100
1934,Czech,69,1937=100
1934,Denmark,87,1937=100
1934,Finland,70,1937=100
1934,France,92,1937=100
1934,Germany,71,1937=100
1934,Greece,83,1937=100
1934,Hungary,76,1937=100
1935,Austria,75,1937=100
1935,Belgium,83,1937=100
1935,Czech,73,1937=100
1935,Denmark,92,1937=100
1935,Finland,77,1937=100
1935,France,88,1937=100
1935,Germany,82,1937=100
1935,Greece,93,1937=100
1935,Hungary,82,1937=100
1936,Austria,81,1937=100
1936,Belgium,90,1937=100
1936,Bulgaria,1035,1937=100
1936,Czech,83,1937=100
1936,Denmark,96,1937=100
1936,Finland,86,1937=100
1936,France,95,1937=100
1936,Germany,91,1937=100
1936,Greece,92,1937=100
1936,Hungary,91,1937=100
1936,Ireland,98,1937=100
1937,Austria,100,1937=100
1937,Belgium,100,1937=100
1937,Bulgaria,100,1937=100
1937,Czech,100,1937=100
1937,Denmark,100,1937=100
1937,Finland,100,1937=100
1937,France,100,1937=100
1937,Germany,100,1937=100
1937,Greece,100,1937=100
1937,Hungary,100,1937=100
1937,Ireland,100,1937=100
1938,Austria,1014,1937=100
1938,Belgium,81,1937=100
1938,Bulgaria,108,1937=100
1938,Denmark,100,1937=100
1938,Finland,106,1937=100
1938,France,92,1937=100
1938,Germany,107,1937=100
1938,Greece,109,1937=100
1938,Hungary,98,1937=100
1938,Ireland,10312,1937=100
1939,Belgium,86,1937=100
1939,Bulgaria,115,1937=100
1939,Denmark,107,1937=100
1939,Finland,101,1937=100
1939,Germany,113,1937=100
1939,Greece,116,1937=100
1940,Bulgaria,128,1937=100
1940,Denmark,87,1937=100
1940,Finland,31,1937=100
1940,Germany,109,1937=100
1941,Bulgaria,136,1937=100
1941,Denmark,83,1937=100
1941,Finland,83,1937=100
1941,Germany,112,1937=100
1942,Bulgaria,131,1937=100
1942,Denmark,87,1937=100
1942,Finland,36,1937=100
1942,Germany,113,1937=100
1943,Bulgaria,1146,1937=100
1943,Denmark,89,1937=100
1943,Finland,100,1937=100
1943,Germany,127,1937=100
1943,Ireland,75,1937=100
1944,Denmark,88,1937=100
1944,Finland,93,1937=100
1944,Germany,125,1937=100
1944,Ireland,78,1937=100
1945,Denmark,75,1937=100
1945,Finland,98,1937=100
1945,Greece,3711,1937=100
1945,Ireland,89,1937=100
1946,Belgium,73,1937=100
1946,Denmark,102,1937=100
1946,Finland,112,1937=100
1946,France,76,1937=100
1946,Germany,38,1937=100
1946,Greece,62,1937=100
1946,Ireland,106,1937=100
1947,Belgium,91,1937=100
1947,Denmark,117,1937=100
1947,Finland,124,1937=100
1947,France,89,1937=100
1947,Germany,49,1937=100
1947,Greece,78,1937=100
1947,Ireland,117,1937=100
1948,Austria,92,1937=100
1948,Belgium,100,1937=100
1948,Bulgaria,230,1937=100
1948,Czech,108,1937=100
1948,Denmark,128,1937=100
1948,Finland,140,1937=100
1948,France,103,1937=100
1948,Germany,64,1937=100
1948,Greece,85,1937=100
1948,Ireland,133,1937=100
1949,Austria,123,1937=100
1949,Belgium,100,1937=100
1949,Bulgaria,307,1937=100
1949,Czech,123,1937=100
1949,Denmark,137,1937=100
1949,Finland,147,1937=100
1949,France,112,1937=100
1949,Germany,79,1937=100
1949,Greece,101,1937=100
1949,Hungary,125,1937=100
1949,Ireland,152,1937=100
1900,Italy,61,1937=100
1900,Russia/USSR,63,1937=100
1900,Spain,80.7,1937=100
1900,Sweden,68,1937=100
1900,United Kingdom,80.1,1937=100
1901,Italy,61,1937=100
1901,Russia/USSR,65,1937=100
1901,Spain,81.2,1937=100
1901,Sweden,70,1937=100
1901,United Kingdom,80.3,1937=100
1902,Italy,67,1937=100
1902,Russia/USSR,69,1937=100
1902,Spain,85.6,1937=100
1902,Sweden,73,1937=100
1902,United Kingdom,81.7,1937=100
1903,Italy,67,1937=100
1903,Russia/USSR,67,1937=100
1903,Spain,84.8,1937=100
1903,Sweden,77,1937=100
1903,United Kingdom,80,1937=100
1904,Italy,70,1937=100
1904,Russia/USSR,69,1937=100
1904,Spain,80.9,1937=100
1904,Sweden,80,1937=100
1904,United Kingdom,81,1937=100
1905,Italy,74,1937=100
1905,Russia/USSR,61,1937=100
1905,Spain,81.5,1937=100
1905,Sweden,81,1937=100
1905,United Kingdom,85.7,1937=100
1906,Italy,79,1937=100
1906,Russia/USSR,69,1937=100
1906,Spain,87,1937=100
1906,Sweden,89,1937=100
1906,United Kingdom,89.3,1937=100
1907,Italy,90,1937=100
1907,Russia/USSR,73,1937=100
1907,Spain,92.1,1937=100
1907,Sweden,92,1937=100
1907,United Kingdom,91,1937=100
1908,Italy,93,1937=100
1908,Russia/USSR,74,1937=100
1908,Spain,95.3,1937=100
1908,Sweden,90,1937=100
1908,United Kingdom,83.7,1937=100
1909,Italy,95,1937=100
1909,Norway,39,1937=100
1909,Russia/USSR,77,1937=100
1909,Spain,90,1937=100
1909,Sweden,83,1937=100
1909,United Kingdom,84.3,1937=100
1910,Italy,95,1937=100
1910,Norway,45,1937=100
1910,Russia/USSR,86,1937=100
1910,Spain,93,1937=100
1910,Sweden,97,1937=100
1910,United Kingdom,85.5,1937=100
1911,Italy,95,1937=100
1911,Norway,46,1937=100
1911,Russia/USSR,91,1937=100
1911,Spain,95.1,1937=100
1911,Sweden,99,1937=100
1911,United Kingdom,91.5,1937=100
1912,Italy,102,1937=100
1912,Norway,55,1937=100
1912,Russia/USSR,95,1937=100
1912,Spain,104,1937=100
1912,Sweden,103,1937=100
1912,United Kingdom,93.9,1937=100
1913,Italy,100,1937=100
1913,Norway,59,1937=100
1913,Russia/USSR,100,1937=100
1913,Spain,100,1937=100
1913,Sweden,100,1937=100
1913,United Kingdom,100,1937=100
1914,Italy,54,1937=100
1914,Norway,60,1937=100
1914,Spain,63,1937=100
1914,Sweden,44,1937=100
1914,United Kingdom,93.7,1937=100
1915,Italy,71,1937=100
1915,Norway,65,1937=100
1915,Spain,65.8,1937=100
1915,Sweden,48,1937=100
1915,United Kingdom,58.616,1937=100
1916,Italy,71,1937=100
1916,Norway,67,1937=100
1916,Spain,68.9,1937=100
1916,Sweden,50,1937=100
1916,United Kingdom,55.4,1937=100
1917,Italy,63,1937=100
1917,Norway,56,1937=100
1917,Russia/USSR,12,1937=100
1917,Spain,67.6,1937=100
1917,Sweden,42,1937=100
1917,United Kingdom,51.7,1937=100
1918,Italy,61,1937=100
1918,Norway,51,1937=100
1918,Spain,68.8,1937=100
1918,Sweden,35,1937=100
1918,United Kingdom,50,1937=100
1919,Italy,59,1937=100
1919,Norway,53,1937=100
1919,Spain,63.8,1937=100
1919,Sweden,39,1937=100
1919,United Kingdom,55.1,1937=100
1920,Italy,59,1937=100
1920,Norway,60,1937=100
1920,Spain,66.8,1937=100
1920,Sweden,44,1937=100
1920,United Kingdom,61.25,1937=100
1921,Italy,54,1937=100
1921,Norway,43,1937=100
1921,Russia/USSR,5,1937=100
1921,Spain,67.5,1937=100
1921,Sweden,34,1937=100
1921,United Kingdom,48.9,1937=100
1922,Italy,61,1937=100
1922,Norway,53,1937=100
1922,Spain,68.7,1937=100
1922,Sweden,40,1937=100
1922,United Kingdom,56.5,1937=100
1923,Italy,66,1937=100
1923,Norway,59,1937=100
1923,Spain,77.1,1937=100
1923,Sweden,44,1937=100
1923,United Kingdom,59.9,1937=100
1924,Italy,73,1937=100
1924,Norway,63,1937=100
1924,Russia/USSR,8,1937=100
1924,Spain,81,1937=100
1924,Sweden,50,1937=100
1924,United Kingdom,66.5,1937=100
1925,Italy,83,1937=100
1925,Netherlands,73,1937=100
1925,Norway,69,1937=100
1925,Poland,67,1937=100
1925,Romania,49,1937=100
1925,Russia/USSR,12,1937=100
1925,Spain,84.3,1937=100
1925,Sweden,51,1937=100
1925,United Kingdom,69.1,1937=100
1926,Italy,83,1937=100
1926,Netherlands,75,1937=100
1926,Norway,61,1937=100
1926,Poland,66,1937=100
1926,Romania,57,1937=100
1926,Russia/USSR,17,1937=100
1926,Spain,89,1937=100
1926,Sweden,56,1937=100
1926,United Kingdom,65.3,1937=100
1927,Italy,80,1937=100
1927,Netherlands,83,1937=100
1927,Norway,63,1937=100
1927,Poland,81,1937=100
1927,Romania,64,1937=100
1927,Russia/USSR,19,1937=100
1927,Spain,91.6,1937=100
1927,Sweden,58,1937=100
1927,United Kingdom,75.3,1937=100
1928,Italy,88,1937=100
1928,Netherlands,95,1937=100
1928,Norway,69,1937=100
1928,Poland,92,1937=100
1928,Romania,71,1937=100
1928,Russia/USSR,22,1937=100
1928,Spain,37,1937=100
1928,Sweden,63,1937=100
1928,United Kingdom,73.3,1937=100
1929,Italy,90,1937=100
1929,Netherlands,97,1937=100
1929,Norway,77,1937=100
1929,Poland,92,1937=100
1929,Romania,76,1937=100
1929,Russia/USSR,27,1937=100
1929,Spain,43,1937=100
1929,Sweden,66,1937=100
1929,United Kingdom,76.9,1937=100
1930,Italy,85,1937=100
1930,Netherlands,99,1937=100
1930,Norway,78,1937=100
1930,Poland,81,1937=100
1930,Romania,74,1937=100
1930,Russia/USSR,33,1937=100
1930,Spain,53,1937=100
1930,Sweden,68,1937=100
1930,United Kingdom,73.6,1937=100
1931,Italy,77,1937=100
1931,Netherlands,93,1937=100
1931,Norway,60,1937=100
1931,Poland,71,1937=100
1931,Romania,78,1937=100
1931,Russia/USSR,40,1937=100
1931,Spain,57,1937=100
1931,Sweden,64,1937=100
1931,United Kingdom,68.9,1937=100
1932,Italy,77,1937=100
1932,Netherlands,82,1937=100
1932,Norway,72,1937=100
1932,Poland,58,1937=100
1932,Romania,67,1937=100
1932,Russia/USSR,45,1937=100
1932,Spain,58,1937=100
1932,Sweden,59,1937=100
1932,United Kingdom,68.6,1937=100
1933,Italy,82,1937=100
1933,Netherlands,88,1937=100
1933,Norway,72,1937=100
1933,Poland,63,1937=100
1933,Romania,78,1937=100
1933,Russia/USSR,48,1937=100
1933,Spain,61,1937=100
1933,Sweden,60,1937=100
1933,United Kingdom,73.1,1937=100
1934,Italy,80,1937=100
1934,Netherlands,90,1937=100
1934,Norway,75,1937=100
1934,Poland,71,1937=100
1934,Romania,94,1937=100
1934,Russia/USSR,57,1937=100
1934,Spain,70,1937=100
1934,Sweden,73,1937=100
1934,United Kingdom,80.4,1937=100
1935,Italy,86,1937=100
1935,Netherlands,88,1937=100
1935,Norway,83,1937=100
1935,Poland,77,1937=100
1935,Romania,93,1937=100
1935,Russia/USSR,70,1937=100
1935,Spain,83,1937=100
1935,Sweden,81,1937=100
1935,United Kingdom,86.6,1937=100
1936,Italy,86,1937=100
1936,Netherlands,89,1937=100
1936,Norway,91,1937=100
1936,Poland,85,1937=100
1936,Romania,99,1937=100
1936,Russia/USSR,90,1937=100
1936,Spain,99,1937=100
1936,Sweden,89,1937=100
1936,United Kingdom,94.4,1937=100
1937,Italy,100,1937=100
1937,Netherlands,100,1937=100
1937,Norway,100,1937=100
1937,Poland,100,1937=100
1937,Romania,100,1937=100
1937,Russia/USSR,100,1937=100
1937,Spain,100,1937=100
1937,Sweden,100,1937=100
1937,United Kingdom,100,1937=100
1937,Yugoslavia,100,1937=100
1938,Italy,100,1937=100
1938,Netherlands,101,1937=100
1938,Norway,100,1937=100
1938,Poland,109,1937=100
1938,Romania,100,1937=100
1938,Russia/USSR,112,1937=100
1938,Spain,104,1937=100
1938,Sweden,101,1937=100
1938,United Kingdom,97.3,1937=100
1938,Yugoslavia,108,1937=100
1939,Italy,109,1937=100
1939,Netherlands,110,1937=100
1939,Norway,107,1937=100
1939,Russia/USSR,130,1937=100
1939,Spain,111,1937=100
1939,Sweden,110,1937=100
1939,Yugoslavia,115,1937=100
1940,Italy,110,1937=100
1940,Netherlands,10413,1937=100
1940,Norway,92,1937=100
1940,Russia/USSR,131,1937=100
1940,Spain,116,1937=100
1940,Sweden,100,1937=100
1941,Italy,103,1937=100
1941,Netherlands,8913,1937=100
1941,Norway,90,1937=100
1941,Spain,78.5,1937=100
1941,Sweden,98,1937=100
1942,Italy,89,1937=100
1942,Netherlands,7013,1937=100
1942,Norway,82,1937=100
1942,Spain,83.7,1937=100
1942,Sweden,103,1937=100
1943,Italy,69,1937=100
1943,Netherlands,6413,1937=100
1943,Norway,78,1937=100
1943,Spain,86.6,1937=100
1943,Sweden,108,1937=100
1944,Italy,42,1937=100
1944,Netherlands,4313,1937=100
1944,Norway,64,1937=100
1944,Russia/USSR,136,1937=100
1944,Spain,91.4,1937=100
1944,Sweden,115,1937=100
1945,Italy,29,1937=100
1945,Netherlands,3113,1937=100
1945,Norway,57,1937=100
1945,Russia/USSR,120,1937=100
1945,Spain,77,1937=100
1945,Sweden,113,1937=100
1946,Italy,71,1937=100
1946,Netherlands,77,1937=100
1946,Norway,97,1937=100
1946,Russia/USSR,100,1937=100
1946,Spain,81,1937=100
1946,Sweden,137,1937=100
1946,United Kingdom,99.7,1937=100
1946,Yugoslavia,90,1937=100
1947,Italy,91,1937=100
1947,Netherlands,98,1937=100
1947,Norway,115,1937=100
1947,Russia/USSR,122,1937=100
1947,Spain,93,1937=100
1947,Sweden,140,1937=100
1947,United Kingdom,105,1937=100
1947,Yugoslavia,138,1937=100
1948,Italy,99,1937=100
1948,Netherlands,116,1937=100
1948,Norway,128,1937=100
1948,Poland,150,1937=100
1948,Romania,84,1937=100
1948,Russia/USSR,151,1937=100
1948,Spain,114,1937=100
1948,Sweden,150,1937=100
1948,United Kingdom,114,1937=100
1948,Yugoslavia,171,1937=100
1949,Italy,109,1937=100
1949,Netherlands,129,1937=100
1949,Norway,137,1937=100
1949,Poland,177,1937=100
1949,Russia/USSR,185,1937=100
1949,Spain,137,1937=100
1949,Sweden,155,1937=100
1949,United Kingdom,120.7,1937=100
1949,Yugoslavia,192,1937=100
1949,Austria,37,1963=100
1949,Belgium,60,1963=100
1949,Bulgaria,15,1963=100
1949,Czech,27,1963=100
1949,Denmark,51,1963=100
1949,Finland,41,1963=100
1949,France,43,1963=100
1949,East Germany,23,1963=100
1949,West Germany,28,1963=100
1949,Greece,30,1963=100
1949,Hungary,23,1963=100
1949,Ireland,55,1963=100
1950,Austria,43,1963=100
1950,Belgium,61,1963=100
1950,Bulgaria,18,1963=100
1950,Czech,31,1963=100
1950,Denmark,56,1963=100
1950,Finland,44,1963=100
1950,France,45,1963=100
1950,East Germany,29,1963=100
1950,West Germany,3517,1963=100
1950,Greece,38,1963=100
1950,Hungary,30,1963=100
1950,Ireland,63,1963=100
1951,Austria,49,1963=100
1951,Belgium,69,1963=100
1951,Bulgaria,22,1963=100
1951,Czech,35,1963=100
1951,Denmark,58,1963=100
1951,Finland,51,1963=100
1951,France,51,1963=100
1951,East Germany,36,1963=100
1951,West Germany,41,1963=100
1951,Greece,44,1963=100
1951,Hungary,38,1963=100
1951,Ireland,64,1963=100
1952,Austria,50,1963=100
1952,Belgium,66,1963=100
1952,Bulgaria,26,1963=100
1952,Czech,41,1963=100
1952,Denmark,55,1963=100
1952,Finland,48,1963=100
1952,France,51,1963=100
1952,East Germany,41,1963=100
1952,West Germany,45,1963=100
1952,Greece,43,1963=100
1952,Hungary,46,1963=100
1952,Ireland,64,1963=100
1953,Austria,51,1963=100
1953,Belgium,64,1963=100
1953,Bulgaria,29,1963=100
1953,Czech,45,1963=100
1953,Denmark,58,1963=100
1953,Finland,52,1963=100
1953,France,52,1963=100
1953,East Germany,46,1963=100
1953,West Germany,48,1963=100
1953,Greece,49,1963=100
1953,Hungary,52,1963=100
1953,Ireland,68,1963=100
1954,Austria,58,1963=100
1954,Belgium,70,1963=100
1954,Bulgaria,32,1963=100
1954,Czech,47,1963=100
1954,Denmark,63,1963=100
1954,Finland,59,1963=100
1954,France,57,1963=100
1954,East Germany,51,1963=100
1954,West Germany,54,1963=100
1954,Greece,60,1963=100
1954,Hungary,54,1963=100
1954,Ireland,72,1963=100
1955,Austria,67,1963=100
1955,Belgium,75,1963=100
1955,Bulgaria,34,1963=100
1955,Czech,52,1963=100
1955,Denmark,64,1963=100
1955,Finland,65,1963=100
1955,France,64,1963=100
1955,East Germany,55,1963=100
1955,West Germany,63,1963=100
1955,Greece,63,1963=100
1955,Hungary,54,1963=100
1955,Ireland,74,1963=100
1956,Austria,71,1963=100
1956,Belgium,80,1963=100
1956,Bulgaria,40,1963=100
1956,Czech,57,1963=100
1956,Denmark,65,1963=100
1956,Finland,67,1963=100
1956,France,69,1963=100
1956,East Germany,59,1963=100
1956,West Germany,68,1963=100
1956,Greece,64,1963=100
1956,Hungary,49,1963=100
1956,Ireland,71,1963=100
1957,Austria,75,1963=100
1957,Belgium,80,1963=100
1957,Bulgaria,46,1963=100
1957,Czech,63,1963=100
1957,Denmark,69,1963=100
1957,Finland,69,1963=100
1957,France,75,1963=100
1957,East Germany,63,1963=100
1957,West Germany,71,1963=100
1957,Greece,69,1963=100
1957,Hungary,56,1963=100
1957,Ireland,68,1963=100
1958,Austria,77,1963=100
1958,Belgium,76,1963=100
1958,Bulgaria,53,1963=100
1958,Czech,70,1963=100
1958,Denmark,71,1963=100
1958,Finland,67,1963=100
1958,France,77,1963=100
1958,East Germany,70,1963=100
1958,West Germany,73,1963=100
1958,Greece,76,1963=100
1958,Hungary,63,1963=100
1958,Ireland,70,1963=100
1959,Austria,81,1963=100
1959,Belgium,77,1963=100
1959,Bulgaria,64,1963=100
1959,Czech,78,1963=100
1959,Denmark,80,1963=100
1959,Finland,72,1963=100
1959,France,78,1963=100
1959,East Germany,79,1963=100
1959,West Germany,79,1963=100
1959,Greece,77,1963=100
1959,Hungary,70,1963=100
1959,Ireland,76,1963=100
1960,Austria,90,1963=100
1960,Belgium,83,1963=100
1960,Bulgaria,73,1963=100
1960,Czech,87,1963=100
1960,Denmark,86,1963=100
1960,Finland,82,1963=100
1960,France,85,1963=100
1960,East Germany,85,1963=100
1960,West Germany,88,1963=100
1960,Greece,84,1963=100
1960,Hungary,78,1963=100
1960,Ireland,81,1963=100
1961,Austria,94,1963=100
1961,Belgium,88,1963=100
1961,Bulgaria,81,1963=100
1961,Czech,95,1963=100
1961,Denmark,90,1963=100
1961,Finland,91,1963=100
1961,France,90,1963=100
1961,East Germany,90,1963=100
1961,West Germany,93,1963=100
1961,Greece,89,1963=100
1961,Hungary,87,1963=100
1961,Ireland,88,1963=100
1962,Austria,96,1963=100
1962,Belgium,93,1963=100
1962,Bulgaria,91,1963=100
1962,Czech,101,1963=100
1962,Denmark,98,1963=100
1962,Finland,96,1963=100
1962,France,95,1963=100
1962,East Germany,96,1963=100
1962,West Germany,97,1963=100
1962,Greece,91,1963=100
1962,Hungary,94,1963=100
1962,Ireland,94,1963=100
1963,Austria,100,1963=100
1963,Belgium,100,1963=100
1963,Bulgaria,100,1963=100
1963,Czech,100,1963=100
1963,Denmark,100,1963=100
1963,Finland,100,1963=100
1963,France,100,1963=100
1963,East Germany,100,1963=100
1963,West Germany,100,1963=100
1963,Greece,100,1963=100
1963,Hungary,100,1963=100
1963,Ireland,100,1963=100
1964,Austria,108,1963=100
1964,Belgium,107,1963=100
1964,Bulgaria,111,1963=100
1964,Czech,104,1963=100
1964,Denmark,113,1963=100
1964,Finland,107,1963=100
1964,France,107,1963=100
1964,East Germany,107,1963=100
1964,West Germany,110,1963=100
1964,Greece,111,1963=100
1964,Hungary,107,1963=100
1964,Ireland,108,1963=100
1965,Austria,113,1963=100
1965,Belgium,109,1963=100
1965,Bulgaria,127,1963=100
1965,Czech,112,1963=100
1965,Denmark,120,1963=100
1965,Finland,115,1963=100
1965,France,109,1963=100
1965,East Germany,113,1963=100
1965,West Germany,116,1963=100
1965,Greece,121,1963=100
1965,Hungary,111,1963=100
1965,Ireland,113,1963=100
1966,Austria,118,1963=100
1966,Belgium,111,1963=100
1966,Bulgaria,142,1963=100
1966,Czech,121,1963=100
1966,Denmark,122,1963=100
1966,Finland,121,1963=100
1966,France,116,1963=100
1966,East Germany,121,1963=100
1966,West Germany,117,1963=100
1966,Greece,140,1963=100
1966,Hungary,118,1963=100
1966,Ireland,118,1963=100
1967,Austria,119,1963=100
1967,Belgium,113,1963=100
1967,Bulgaria,161,1963=100
1967,Czech,129,1963=100
1967,Denmark,126,1963=100
1967,Finland,125,1963=100
1967,France,119,1963=100
1967,East Germany,129,1963=100
1967,West Germany,114,1963=100
1967,Greece,146,1963=100
1967,Hungary,125,1963=100
1967,Ireland,127,1963=100
1968,Austria,128,1963=100
1968,Belgium,119,1963=100
1968,Bulgaria,177,1963=100
1968,Czech,135,1963=100
1968,Denmark,130,1963=100
1968,Finland,132,1963=100
1968,France,123,1963=100
1968,East Germany,137,1963=100
1968,West Germany,125,1963=100
1968,Greece,159,1963=100
1968,Hungary,138,1963=100
1968,Ireland,141,1963=100
1969,Austria,142,1963=100
1969,Belgium,131,1963=100
1969,Bulgaria,194,1963=100
1969,Czech,141,1963=100
1969,Denmark,147,1963=100
1969,Finland,151,1963=100
1969,France,136,1963=100
1969,East Germany,146,1963=100
1969,West Germany,141,1963=100
1969,Greece,178,1963=100
1969,Hungary,139,1963=100
1969,Ireland,152,1963=100
1970,Austria,154,1963=100
1970,Belgium,135,1963=100
1970,Bulgaria,213,1963=100
1970,Czech,154,1963=100
1970,Denmark,152,1963=100
1970,Finland,169,1963=100
1970,France,145,1963=100
1970,East Germany,155,1963=100
1970,West Germany,150,1963=100
1970,Greece,196,1963=100
1970,Hungary,152,1963=100
1970,Ireland,159,1963=100
1971,Austria,163,1963=100
1971,Belgium,139,1963=100
1971,Bulgaria,233,1963=100
1971,Czech,165,1963=100
1971,Denmark,155,1963=100
1971,Finland,171,1963=100
1971,France,155,1963=100
1971,East Germany,164,1963=100
1971,West Germany,153,1963=100
1971,Greece,218,1963=100
1971,Hungary,162,1963=100
1971,Ireland,165,1963=100
1972,Austria,176,1963=100
1972,Belgium,148,1963=100
1972,Bulgaria,254,1963=100
1972,Czech,176,1963=100
1972,Denmark,167,1963=100
1972,Finland,193,1963=100
1972,France,163,1963=100
1972,East Germany,174,1963=100
1972,West Germany,159,1963=100
1972,Greece,249,1963=100
1972,Hungary,171,1963=100
1972,Ireland,173,1963=100
1973,Austria,184,1963=100
1973,Belgium,156,1963=100
1973,Bulgaria,277,1963=100
1973,Czech,188,1963=100
1973,Denmark,175,1963=100
1973,Finland,207,1963=100
1973,France,175,1963=100
1973,East Germany,186,1963=100
1973,West Germany,170,1963=100
1973,Greece,287,1963=100
1973,Hungary,183,1963=100
1973,Ireland,172,1963=100
1974,Austria,194,1963=100
1974,Belgium,162,1963=100
1974,Bulgaria,299,1963=100
1974,Czech,189,1963=100
1974,Denmark,167,1963=100
1974,Finland,215,1963=100
1974,France,179,1963=100
1974,East Germany,199,1963=100
1974,West Germany,167,1963=100
1974,Greece,283,1963=100
1974,Hungary,198,1963=100
1974,Ireland,197,1963=100
1975,Austria,182,1963=100
1975,Belgium,146,1963=100
1975,Bulgaria,330,1963=100
1975,Czech,213,1963=100
1975,Denmark,153,1963=100
1975,Finland,206,1963=100
1975,France,167,1963=100
1975,East Germany,211,1963=100
1975,West Germany,158,1963=100
1975,Greece,295,1963=100
1975,Hungary,207,1963=100
1975,Ireland,189,1963=100
1976,Austria,193,1963=100
1976,Belgium,159,1963=100
1976,Bulgaria,350,1963=100
1976,Czech,225,1963=100
1976,Denmark,164,1963=100
1976,Finland,208,1963=100
1976,France,181,1963=100
1976,East Germany,223,1963=100
1976,West Germany,171,1963=100
1976,Greece,326,1963=100
1976,Hungary,216,1963=100
1976,Ireland,206,1963=100
1977,Austria,201,1963=100
1977,Belgium,159,1963=100
1977,Bulgaria,374,1963=100
1977,Czech,238,1963=100
1977,Denmark,166,1963=100
1977,Finland,210,1963=100
1977,France,183,1963=100
1977,East Germany,234,1963=100
1977,West Germany,172,1963=100
1977,Greece,333,1963=100
1977,Hungary,231,1963=100
1977,Ireland,223,1963=100
1978,Austria,206,1963=100
1978,Belgium,162,1963=100
1978,Bulgaria,399,1963=100
1978,Czech,249,1963=100
1978,Denmark,169,1963=100
1978,Finland,221,1963=100
1978,France,187,1963=100
1978,East Germany,245,1963=100
1978,West Germany,177,1963=100
1978,Greece,358,1963=100
1978,Hungary,242,1963=100
1978,Ireland,241,1963=100
1979,Austria,221,1963=100
1979,Belgium,170,1963=100
1979,Bulgaria,421,1963=100
1979,Czech,259,1963=100
1979,Denmark,175,1963=100
1979,Finland,243,1963=100
1979,France,195,1963=100
1979,East Germany,256,1963=100
1979,West Germany,185,1963=100
1979,Greece,380,1963=100
1979,Hungary,249,1963=100
1979,Ireland,256,1963=100
1980,Austria,227,1963=100
1980,Belgium,168,1963=100
1980,Bulgaria,439,1963=100
1980,Czech,268,1963=100
1980,Denmark,175,1963=100
1980,Finland,262,1963=100
1980,France,197,1963=100
1980,East Germany,268,1963=100
1980,West Germany,184,1963=100
1980,Greece,382,1963=100
1980,Hungary,244,1963=100
1980,Ireland,252,1963=100
1981,Austria,225,1963=100
1981,Belgium,164,1963=100
1981,Bulgaria,462,1963=100
1981,Czech,274,1963=100
1981,Denmark,175,1963=100
1981,Finland,270,1963=100
1981,France,193,1963=100
1981,East Germany,281,1963=100
1981,West Germany,179,1963=100
1981,Greece,385,1963=100
1981,Hungary,251,1963=100
1981,Ireland,259,1963=100
1982,Austria,224,1963=100
1982,Belgium,164,1963=100
1982,Bulgaria,454,1963=100
1982,Czech,276,1963=100
1982,Denmark,180,1963=100
1982,Finland,271,1963=100
1982,France,193,1963=100
1982,East Germany,290,1963=100
1982,West Germany,173,1963=100
1982,Greece,388,1963=100
1982,Hungary,257,1963=100
1982,Ireland,258,1963=100
1983,Austria,226,1963=100
1983,Belgium,167,1963=100
1983,Bulgaria,505,1963=100
1983,Czech,285,1963=100
1983,Denmark,186,1963=100
1983,Finland,280,1963=100
1983,France,193,1963=100
1983,East Germany,302,1963=100
1983,West Germany,174,1963=100
1983,Greece,387,1963=100
1983,Hungary,260,1963=100
1983,Ireland,277,1963=100
1984,Austria,237,1963=100
1984,Belgium,171,1963=100
1984,Bulgaria,526,1963=100
1984,Czech,296,1963=100
1984,Denmark,203,1963=100
1984,Finland,293,1963=100
1984,France,147,1963=100
1984,East Germany,314,1963=100
1984,West Germany,179,1963=100
1984,Greece,396,1963=100
1984,Hungary,267,1963=100
1984,Ireland,312,1963=100
1985,Austria,248,1963=100
1985,Belgium,174,1963=100
1985,Bulgaria,542,1963=100
1985,Czech,307,1963=100
1985,Denmark,212,1963=100
1985,Finland,304,1963=100
1985,France,199,1963=100
1985,East Germany,328,1963=100
1985,West Germany,185,1963=100
1985,Greece,409,1963=100
1985,Hungary,269,1963=100
1985,Ireland,323,1963=100
1986,Austria,251,1963=100
1986,Belgium,176,1963=100
1986,Bulgaria,564,1963=100
1986,Czech,316,1963=100
1986,Denmark,221,1963=100
1986,Finland,307,1963=100
1986,France,199,1963=100
1986,East Germany,340,1963=100
1986,West Germany,189,1963=100
1986,Greece,408,1963=100
1986,Hungary,274,1963=100
1986,Ireland,334,1963=100
1987,Austria,253,1963=100
1987,Belgium,180,1963=100
1987,Bulgaria,587,1963=100
1987,Czech,323,1963=100
1987,Denmark,214,1963=100
1987,Finland,320,1963=100
1987,France,203,1963=100
1987,East Germany,351,1963=100
1987,West Germany,190,1963=100
1987,Greece,403,1963=100
1987,Hungary,284,1963=100
1987,Ireland,366,1963=100
1988,Austria,264,1963=100
1988,Belgium,189,1963=100
1988,Bulgaria,627,1963=100
1988,Czech,330,1963=100
1988,Denmark,217,1963=100
1988,Finland,333,1963=100
1988,France,211,1963=100
1988,East Germany,362,1963=100
1988,West Germany,197,1963=100
1988,Greece,424,1963=100
1988,Hungary,285,1963=100
1988,Ireland,406,1963=100
1949,Italy,29,1963=100
1949,Netherlands,42,1963=100
1949,Norway,51,1963=100
1949,Poland,18,1963=100
1949,Russia/USSR,21,1963=100
1949,Russia/USSR,137,1963=100
1949,Spain,32,1963=100
1949,Sweden,55,1963=100
1949,United Kingdom,66,1963=100
1949,Yugoslavia,34,1963=100
1950,Italy,33,1963=100
1950,Netherlands,47,1963=100
1950,Norway,56,1963=100
1950,Poland,23,1963=100
1950,Romania,16,1963=100
1950,Russia/USSR,26,1963=100
1950,Russia/USSR,156,1963=100
1950,Spain,37,1963=100
1950,Sweden,57,1963=100
1950,Yugoslavia,35,1963=100
1951,Italy,37,1963=100
1951,Netherlands,49,1963=100
1951,Norway,60,1963=100
1951,Poland,29,1963=100
1951,Russia/USSR,30,1963=100
1951,Russia/USSR,176,1963=100
1951,Spain,42,1963=100
1951,Sweden,60,1963=100
1951,United Kingdom,72,1963=100
1951,Yugoslavia,34,1963=100
1952,Italy,39,1963=100
1952,Netherlands,49,1963=100
1952,Norway,60,1963=100
1952,Poland,34,1963=100
1952,Russia/USSR,33,1963=100
1952,Russia/USSR,189,1963=100
1952,Spain,48,1963=100
1952,Sweden,58,1963=100
1952,United Kingdom,71,1963=100
1952,Yugoslavia,33,1963=100
1953,Italy,42,1963=100
1953,Netherlands,54,1963=100
1953,Norway,63,1963=100
1953,Poland,40,1963=100
1953,Portugal,47,1963=100
1953,Romania,33,1963=100
1953,Russia/USSR,37,1963=100
1953,Russia/USSR,205,1963=100
1953,Spain,50,1963=100
1953,Sweden,59,1963=100
1953,United Kingdom,75,1963=100
1953,Yugoslavia,37,1963=100
1954,Italy,46,1963=100
1954,Netherlands,59,1963=100
1954,Norway,67,1963=100
1954,Poland,44,1963=100
1954,Russia/USSR,42,1963=100
1954,Russia/USSR,228,1963=100
1954,Spain,52,1963=100
1954,Sweden,61,1963=100
1954,United Kingdom,79,1963=100
1954,Yugoslavia,42,1963=100
1955,Italy,51,1963=100
1955,Netherlands,64,1963=100
1955,Norway,70,1963=100
1955,Poland,49,1963=100
1955,Portugal,56,1963=100
1955,Romania,40,1963=100
1955,Russia/USSR,47,1963=100
1955,Russia/USSR,254,1963=100
1955,Spain,54,1963=100
1955,Sweden,65,1963=100
1955,United Kingdom,83,1963=100
1955,Yugoslavia,47,1963=100
1956,Italy,54,1963=100
1956,Netherlands,68,1963=100
1956,Norway,74,1963=100
1956,Poland,54,1963=100
1956,Portugal,61,1963=100
1956,Romania,45,1963=100
1956,Russia/USSR,52,1963=100
1956,Russia/USSR,279,1963=100
1956,Spain,59,1963=100
1956,Sweden,67,1963=100
1956,United Kingdom,83,1963=100
1956,Yugoslavia,52,1963=100
1957,Italy,58,1963=100
1957,Netherlands,71,1963=100
1957,Norway,76,1963=100
1957,Poland,59,1963=100
1957,Portugal,64,1963=100
1957,Romania,48,1963=100
1957,Russia/USSR,57,1963=100
1957,Russia/USSR,302,1963=100
1957,Spain,64,1963=100
1957,Sweden,70,1963=100
1957,United Kingdom,85,1963=100
1957,Yugoslavia,57,1963=100
1958,Italy,60,1963=100
1958,Netherlands,71,1963=100
1958,Norway,76,1963=100
1958,Poland,65,1963=100
1958,Portugal,69,1963=100
1958,Romania,53,1963=100
1958,Russia/USSR,63,1963=100
1958,Russia/USSR,345,1963=100
1958,Spain,66,1963=100
1958,Sweden,71,1963=100
1958,Switzerland,71,1963=100
1958,United Kingdom,84,1963=100
1958,Yugoslavia,63,1963=100
1959,Italy,67,1963=100
1959,Netherlands,79,1963=100
1959,Norway,80,1963=100
1959,Poland,71,1963=100
1959,Portugal,73,1963=100
1959,Romania,58,1963=100
1959,Russia/USSR,70,1963=100
1959,Russia/USSR,358,1963=100
1959,Spain,67,1963=100
1959,Sweden,75,1963=100
1959,Switzerland,77,1963=100
1959,United Kingdom,88,1963=100
1959,Yugoslavia,70,1963=100
1960,Italy,77,1963=100
1960,Netherlands,87,1963=100
1960,Norway,87,1963=100
1960,Poland,79,1963=100
1960,Portugal,80,1963=100
1960,Romania,68,1963=100
1960,Russia/USSR,77,1963=100
1960,Russia/USSR,379,1963=100
1960,Spain,72,1963=100
1960,Sweden,83,1963=100
1960,Switzerland,84,1963=100
1960,United Kingdom,95,1963=100
1960,Yugoslavia,77,1963=100
1961,Italy,84,1963=100
1961,Netherlands,90,1963=100
1961,Norway,91,1963=100
1961,Poland,88,1963=100
1961,Portugal,88,1963=100
1961,Romania,78,1963=100
1961,Russia/USSR,84,1963=100
1961,Russia/USSR,407,1963=100
1961,Spain,81,1963=100
1961,Sweden,89,1963=100
1961,Switzerland,91,1963=100
1961,United Kingdom,96,1963=100
1961,Yugoslavia,84,1963=100
1962,Italy,92,1963=100
1962,Netherlands,95,1963=100
1962,Norway,95,1963=100
1962,Poland,95,1963=100
1962,Portugal,92,1963=100
1962,Romania,89,1963=100
1962,Russia/USSR,93,1963=100
1962,Spain,91,1963=100
1962,Sweden,9418,1963=100
1962,Switzerland,95,1963=100
1962,United Kingdom,97,1963=100
1962,Yugoslavia,93,1963=100
1963,Italy,100,1963=100
1963,Netherlands,100,1963=100
1963,Norway,100,1963=100
1963,Poland,100,1963=100
1963,Portugal,100,1963=100
1963,Romania,100,1963=100
1963,Russia/USSR,100,1963=100
1963,Spain,100,1963=100
1963,Sweden,100,1963=100
1963,Switzerland,100,1963=100
1963,United Kingdom,100,1963=100
1963,Yugoslavia,100,1963=100
1964,Italy,101,1963=100
1964,Netherlands,110,1963=100
1964,Norway,109,1963=100
1964,Poland,109,1963=100
1964,Portugal,112,1963=100
1964,Romania,114,1963=100
1964,Russia/USSR,107,1963=100
1964,Spain,112,1963=100
1964,Sweden,110,1963=100
1964,Switzerland,105,1963=100
1964,United Kingdom,108,1963=100
1964,Yugoslavia,116,1963=100
1965,Italy,109,1963=100
1965,Netherlands,116,1963=100
1965,Norway,115,1963=100
1965,Poland,119,1963=100
1965,Portugal,119,1963=100
1965,Romania,129,1963=100
1965,Russia/USSR,117,1963=100
1965,Spain,126,1963=100
1965,Sweden,118,1963=100
1965,Switzerland,108,1963=100
1965,United Kingdom,112,1963=100
1965,Yugoslavia,125,1963=100
1966,Italy,121,1963=100
1966,Netherlands,123,1963=100
1966,Norway,121,1963=100
1966,Poland,128,1963=100
1966,Portugal,127,1963=100
1966,Romania,143,1963=100
1966,Russia/USSR,127,1963=100
1966,Spain,142,1963=100
1966,Sweden,122,1963=100
1966,Switzerland,112,1963=100
1966,United Kingdom,113,1963=100
1966,Yugoslavia,131,1963=100
1967,Italy,131,1963=100
1967,Netherlands,129,1963=100
1967,Norway,126,1963=100
1967,Poland,138,1963=100
1967,Portugal,134,1963=100
1967,Romania,163,1963=100
1967,Russia/USSR,139,1963=100
1967,Spain,151,1963=100
1967,Sweden,125,1963=100
1967,Switzerland,116,1963=100
1967,United Kingdom,114,1963=100
1967,Yugoslavia,130,1963=100
1968,Italy,140,1963=100
1968,Netherlands,143,1963=100
1968,Norway,132,1963=100
1968,Poland,149,1963=100
1968,Portugal,147,1963=100
1968,Romania,182,1963=100
1968,Russia/USSR,151,1963=100
1968,Spain,163,1963=100
1968,Sweden,131,1963=100
1968,Switzerland,121,1963=100
1968,United Kingdom,120,1963=100
1968,Yugoslavia,138,1963=100
1969,Italy,145,1963=100
1969,Netherlands,156,1963=100
1969,Norway,139,1963=100
1969,Poland,163,1963=100
1969,Portugal,158,1963=100
1969,Romania,200,1963=100
1969,Russia/USSR,162,1963=100
1969,Spain,188,1963=100
1969,Sweden,140,1963=100
1969,Switzerland,131,1963=100
1969,United Kingdom,123,1963=100
1969,Yugoslavia,153,1963=100
1970,Italy,155,1963=100
1970,Netherlands,170,1963=100
1970,Norway,145,1963=100
1970,Poland,175,1963=100
1970,Portugal,170,1963=100
1970,Romania,227,1963=100
1970,Russia/USSR,175,1963=100
1970,Spain,207,1963=100
1970,Sweden,149,1963=100
1970,Switzerland,143,1963=100
1970,United Kingdom,124,1963=100
1970,Yugoslavia,167,1963=100
1971,Italy,154,1963=100
1971,Netherlands,180,1963=100
1971,Norway,150,1963=100
1971,Poland,189,1963=100
1971,Portugal,177,1963=100
1971,Romania,255,1963=100
1971,Russia/USSR,189,1963=100
1971,Spain,215,1963=100
1971,Sweden,151,1963=100
1971,Switzerland,146,1963=100
1971,United Kingdom,125,1963=100
1971,Yugoslavia,185,1963=100
1972,Italy,161,1963=100
1972,Netherlands,188,1963=100
1972,Norway,159,1963=100
1972,Poland,211,1963=100
1972,Portugal,198,1963=100
1972,Romania,284,1963=100
1972,Russia/USSR,202,1963=100
1972,Spain,250,1963=100
1972,Sweden,155,1963=100
1972,Switzerland,149,1963=100
1972,United Kingdom,127,1963=100
1972,Yugoslavia,198,1963=100
1973,Italy,177,1963=100
1973,Netherlands,200,1963=100
1973,Norway,168,1963=100
1973,Poland,233,1963=100
1973,Portugal,227,1963=100
1973,Romania,325,1963=100
1973,Russia/USSR,216,1963=100
1973,Spain,289,1963=100
1973,Sweden,164,1963=100
1973,Switzerland,157,1963=100
1973,United Kingdom,138,1963=100
1973,Yugoslavia,210,1963=100
1974,Italy,185,1963=100
1974,Netherlands,205,1963=100
1974,Norway,173,1963=100
1974,Poland,261,1963=100
1974,Portugal,238,1963=100
1974,Romania,373,1963=100
1974,Russia/USSR,233,1963=100
1974,Spain,316,1963=100
1974,Sweden,173,1963=100
1974,Switzerland,159,1963=100
1974,United Kingdom,136,1963=100
1974,Yugoslavia,233,1963=100
1975,Italy,168,1963=100
1975,Netherlands,195,1963=100
1975,Norway,185,1963=100
1975,Poland,286,1963=100
1975,Portugal,218,1963=100
1975,Romania,418,1963=100
1975,Russia/USSR,250,1963=100
1975,Spain,295,1963=100
1975,Sweden,167,1963=100
1975,Switzerland,139,1963=100
1975,United Kingdom,129,1963=100
1975,Yugoslavia,246,1963=100
1976,Italy,189,1963=100
1976,Netherlands,206,1963=100
1976,Norway,185,1963=100
1976,Poland,310,1963=100
1976,Portugal,234,1963=100
1976,Romania,465,1963=100
1976,Russia/USSR,262,1963=100
1976,Spain,301,1963=100
1976,Sweden,167,1963=100
1976,Switzerland,140,1963=100
1976,United Kingdom,133,1963=100
1976,Yugoslavia,254,1963=100
1977,Italy,191,1963=100
1977,Netherlands,208,1963=100
1977,Norway,183,1963=100
1977,Poland,329,1963=100
1977,Portugal,267,1963=100
1977,Romania,522,1963=100
1977,Russia/USSR,278,1963=100
1977,Spain,317,1963=100
1977,Sweden,156,1963=100
1977,Switzerland,148,1963=100
1977,United Kingdom,140,1963=100
1977,Yugoslavia,278,1963=100
1978,Italy,195,1963=100
1978,Netherlands,179,1963=100
1978,Norway,179,1963=100
1978,Poland,341,1963=100
1978,Portugal,279,1963=100
1978,Romania,570,1963=100
1978,Russia/USSR,290,1963=100
1978,Spain,324,1963=100
1978,Sweden,155,1963=100
1978,Switzerland,148,1963=100
1978,United Kingdom,143,1963=100
1978,Yugoslavia,302,1963=100
1979,Italy,208,1963=100
1979,Netherlands,182,1963=100
1979,Norway,185,1963=100
1979,Poland,348,1963=100
1979,Portugal,302,1963=100
1979,Romania,615,1963=100
1979,Russia/USSR,301,1963=100
1979,Spain,327,1963=100
1979,Sweden,164,1963=100
1979,Switzerland,151,1963=100
1979,United Kingdom,149,1963=100
1979,Yugoslavia,326,1963=100
1980,Italy,219,1963=100
1980,Netherlands,182,1963=100
1980,Norway,181,1963=100
1980,Poland,345,1963=100
1980,Portugal,322,1963=100
1980,Romania,656,1963=100
1980,Russia/USSR,311,1963=100
1980,Spain,331,1963=100
1980,Sweden,164,1963=100
1980,Switzerland,159,1963=100
1980,United Kingdom,139,1963=100
1980,Yugoslavia,340,1963=100
1981,Italy,216,1963=100
1981,Netherlands,178,1963=100
1981,Norway,179,1963=100
1981,Poland,300,1963=100
1981,Portugal,327,1963=100
1981,Romania,674,1963=100
1981,Russia/USSR,321,1963=100
1981,Spain,328,1963=100
1981,Sweden,160,1963=100
1981,Switzerland,158,1963=100
1981,United Kingdom,135,1963=100
1981,Yugoslavia,354,1963=100
1982,Italy,209,1963=100
1982,Netherlands,171,1963=100
1982,Norway,179,1963=100
1982,Poland,296,1963=100
1982,Portugal,340,1963=100
1982,Romania,681,1963=100
1982,Russia/USSR,330,1963=100
1982,Spain,324,1963=100
1982,Sweden,158,1963=100
1982,Switzerland,152,1963=100
1982,United Kingdom,137,1963=100
1982,Yugoslavia,354,1963=100
1983,Italy,202,1963=100
1983,Netherlands,176,1963=100
1983,Norway,178,1963=100
1983,Poland,315,1963=100
1983,Portugal,342,1963=100
1983,Romania,713,1963=100
1983,Russia/USSR,346,1963=100
1983,Spain,333,1963=100
1983,Sweden,166,1963=100
1983,Switzerland,151,1963=100
1983,United Kingdom,143,1963=100
1983,Yugoslavia,359,1963=100
1984,Italy,209,1963=100
1984,Netherlands,186,1963=100
1984,Norway,189,1963=100
1984,Poland,333,1963=100
1984,Portugal,338,1963=100
1984,Romania,760,1963=100
1984,Russia/USSR,358,1963=100
1984,Spain,336,1963=100
1984,Sweden,178,1963=100
1984,Switzerland,155,1963=100
1984,United Kingdom,143,1963=100
1984,Yugoslavia,379,1963=100
1985,Italy,212,1963=100
1985,Netherlands,193,1963=100
1985,Norway,192,1963=100
1985,Poland,346,1963=100
1985,Portugal,345,1963=100
1985,Romania,797,1963=100
1985,Russia/USSR,371,1963=100
1985,Spain,342,1963=100
1985,Sweden,182,1963=100
1985,Switzerland,164,1963=100
1985,United Kingdom,151,1963=100
1985,Yugoslavia,389,1963=100
1986,Italy,219,1963=100
1986,Netherlands,193,1963=100
1986,Norway,196,1963=100
1986,Poland,362,1963=100
1986,Portugal,366,1963=100
1986,Romania,858,1963=100
1986,Russia/USSR,389,1963=100
1986,Spain,353,1963=100
1986,Sweden,182,1963=100
1986,Switzerland,170,1963=100
1986,United Kingdom,154,1963=100
1986,Yugoslavia,405,1963=100
1987,Italy,228,1963=100
1987,Netherlands,195,1963=100
1987,Norway,199,1963=100
1987,Poland,374,1963=100
1987,Portugal,380,1963=100
1987,Romania,897,1963=100
1987,Russia/USSR,402,1963=100
1987,Spain,369,1963=100
1987,Sweden,191,1963=100
1987,Switzerland,172,1963=100
1987,United Kingdom,159,1963=100
1987,Yugoslavia,407,1963=100
1988,Italy,241,1963=100
1988,Netherlands,195,1963=100
1988,Norway,198,1963=100
1988,Poland,393,1963=100
1988,Portugal,401,1963=100
1988,Romania,930,1963=100
1988,Russia/USSR,417,1963=100
1988,Spain,380,1963=100
1988,Sweden,193,1963=100
1988,Switzerland,183,1963=100
1988,United Kingdom,165,1963=100
1988,Yugoslavia,415,1963=100
1950,United Kingdom,70,1963=100
